<?xml version="1.0" encoding="UTF-8"?>
<Form name="DNLP_HDR" platform="txlx" commands="">
<Group num="0" val="0">
<Page tab_title="DNLP_OLD" layout="5x2">
<Control ui_type="checkbox" name="dnlp_respond0" range="0~1" addr="" mask="31:0" dst="U" desc="dnlp_respond" default="0" value="0" cmd="dnlp:dnlp_respond"/>
<Control ui_type="checkbox" name="dnlp_en0" range="0~1" addr="" mask="31:0" dst="U" desc="dnlp_en" default="0" value="1" cmd="dnlp:dnlp_en"/>
<Control ui_type="slider" name="ve_dnlp_method0" range="0~3" addr="" mask="31:0" dst="U" desc="ve_dnlp_method" default="3" value="3" cmd="dnlp:ve_dnlp_method"/>
<Control ui_type="slider" name="ve_dnlp_cliprate0" range="0~255" addr="" mask="31:0" dst="U" desc="ve_dnlp_cliprate" default="6" value="6" cmd="dnlp:ve_dnlp_cliprate"/>
<Control ui_type="slider" name="ve_dnlp_hghrange0" range="0~54" addr="" mask="31:0" dst="U" desc="ve_dnlp_hghrange" default="18" value="18" cmd="dnlp:ve_dnlp_hghrange"/>
<Control ui_type="slider" name="ve_dnlp_lowrange0" range="0~54" addr="" mask="31:0" dst="U" desc="ve_dnlp_lowrange" default="18" value="18" cmd="dnlp:ve_dnlp_lowrange"/>
<Control ui_type="slider" name="ve_dnlp_hghalpha0" range="0~48" addr="" mask="31:0" dst="U" desc="ve_dnlp_hghalpha" default="24" value="24" cmd="dnlp:ve_dnlp_hghalpha"/>
<Control ui_type="slider" name="ve_dnlp_midalpha0" range="0~48" addr="" mask="31:0" dst="U" desc="ve_dnlp_midalpha" default="32" value="32" cmd="dnlp:ve_dnlp_midalpha"/>
<Control ui_type="slider" name="ve_dnlp_lowalpha0" range="0~48" addr="" mask="31:0" dst="U" desc="ve_dnlp_lowalpha" default="18" value="18" cmd="dnlp:ve_dnlp_lowalpha"/>
<Control ui_type="slider" name="dnlp_adj_level0" range="0~255" addr="" mask="31:0" dst="U" desc="dnlp_adj_level" default="5" value="5" cmd="dnlp:dnlp_adj_level"/>
</Page>
<Page tab_title="DNLP" layout="15x4">
<Control ui_type="checkbox" name="dnlp_respond:debug" range="0~1" addr="" mask="31:0" dst="U" desc="dnlp_respond" default="0" value="0" cmd="dnlp:dnlp_respond"/>
<Control ui_type="checkbox" name="dnlp_en:debug" range="0~1" addr="" mask="31:0" dst="U" desc="dnlp_en" default="0" value="0" cmd="dnlp:dnlp_en"/>
<Control ui_type="slider" name="ve_dnlp_method:debug" range="0~3" addr="" mask="31:0" dst="U" desc="ve_dnlp_method" default="0" value="3" cmd="dnlp:ve_dnlp_method"/>
<Control ui_type="slider" name="ve_dnlp_adj_level" range="0~31" addr="" mask="31:0" dst="U" desc="ve_dnlp_adj_level" default="6" value="6" cmd="dnlp:ve_dnlp_adj_level"/>
<Control ui_type="slider" name="ve_dnlp_mvreflsh" range="0~15" addr="" mask="31:0" dst="U" desc="ve_dnlp_mvreflsh" default="6" value="4" cmd="dnlp:ve_dnlp_mvreflsh"/>
<Control ui_type="slider" name="ve_dnlp_gmma_rate" range="0~255" addr="" mask="31:0" dst="U" desc="ve_dnlp_gmma_rate" default="82" value="120" cmd="dnlp:ve_dnlp_gmma_rate"/>
<Control ui_type="slider" name="ve_dnlp_lowalpha_new" range="0~63" addr="" mask="31:0" dst="U" desc="ve_dnlp_lowalpha_new" default="40" value="20" cmd="dnlp:ve_dnlp_lowalpha_new"/>
<Control ui_type="slider" name="ve_dnlp_hghalpha_new" range="0~63" addr="" mask="31:0" dst="U" desc="ve_dnlp_hghalpha_new" default="28" value="51" cmd="dnlp:ve_dnlp_hghalpha_new"/>
<Control ui_type="slider" name="ve_dnlp_sbgnbnd" range="0~15" addr="" mask="31:0" dst="U" desc="ve_dnlp_sbgnbnd" default="0" value="4" cmd="dnlp:ve_dnlp_sbgnbnd"/>
<Control ui_type="slider" name="ve_dnlp_sendbnd" range="0~15" addr="" mask="31:0" dst="U" desc="ve_dnlp_sendbnd" default="0" value="4" cmd="dnlp:ve_dnlp_sendbnd"/>
<Control ui_type="slider" name="ve_dnlp_clashBgn" range="0~15" addr="" mask="31:0" dst="U" desc="ve_dnlp_clashBgn" default="0" value="4" cmd="dnlp:ve_dnlp_clashBgn"/>
<Control ui_type="slider" name="ve_dnlp_clashEnd" range="0~15" addr="" mask="31:0" dst="U" desc="ve_dnlp_clashEnd" default="15" value="12" cmd="dnlp:ve_dnlp_clashEnd"/>
<Control ui_type="slider" name="ve_dnlp_cliprate_new" range="4~63" addr="" mask="31:0" dst="U" desc="ve_dnlp_cliprate_new" default="36" value="32" cmd="dnlp:ve_dnlp_cliprate_new"/>
<Control ui_type="slider" name="ve_mtdbld_rate" range="0~63" addr="" mask="31:0" dst="U" desc="ve_mtdbld_rate" default="53" value="50" cmd="dnlp:ve_mtdbld_rate"/>
<Control ui_type="slider" name="ve_dnlp_pst_gmarat" range="0~128" addr="" mask="31:0" dst="U" desc="ve_dnlp_pst_gmarat" default="64" value="64" cmd="dnlp:ve_dnlp_pst_gmarat"/>
<Control ui_type="slider" name="dnlp_sel" range="0~2" addr="" mask="31:0" dst="U" desc="dnlp_sel" default="2" value="2" cmd="dnlp:dnlp_sel"/>
<Control ui_type="slider" name="ve_dnlp_blk_cctr" range="0~64" addr="" mask="31:0" dst="U" desc="ve_dnlp_blk_cctr" default="8" value="8" cmd="dnlp:ve_dnlp_blk_cctr"/>
<Control ui_type="slider" name="ve_dnlp_brgt_ctrl" range="0~64" addr="" mask="31:0" dst="U" desc="ve_dnlp_brgt_ctrl" default="48" value="48" cmd="dnlp:ve_dnlp_brgt_ctrl"/>
<Control ui_type="slider" name="ve_dnlp_brgt_range" range="0~64" addr="" mask="31:0" dst="U" desc="ve_dnlp_brgt_range" default="16" value="16" cmd="dnlp:ve_dnlp_brgt_range"/>
<Control ui_type="slider" name="ve_dnlp_brght_add" range="0~64" addr="" mask="31:0" dst="U" desc="ve_dnlp_brght_add" default="32" value="32" cmd="dnlp:ve_dnlp_brght_add"/>
<Control ui_type="slider" name="ve_dnlp_brght_max" range="0~64" addr="" mask="31:0" dst="U" desc="ve_dnlp_brght_max" default="0" value="0" cmd="dnlp:ve_dnlp_brght_max"/>
<Control ui_type="slider" name="ve_dnlp_almst_wht" range="0~64" addr="" mask="31:0" dst="U" desc="ve_dnlp_almst_wht" default="63" value="60" cmd="dnlp:ve_dnlp_almst_wht"/>
<Control ui_type="slider" name="ve_dnlp_hghbin" range="0~64" addr="" mask="31:0" dst="U" desc="ve_dnlp_hghbin" default="51" value="55" cmd="dnlp:ve_dnlp_hghbin"/>
<Control ui_type="slider" name="ve_dnlp_hghnum" range="0~64" addr="" mask="31:0" dst="U" desc="ve_dnlp_hghnum" default="4" value="4" cmd="dnlp:ve_dnlp_hghnum"/>
<Control ui_type="slider" name="ve_dnlp_lowbin" range="0~64" addr="" mask="31:0" dst="U" desc="ve_dnlp_lowbin" default="4" value="4" cmd="dnlp:ve_dnlp_lowbin"/>
<Control ui_type="slider" name="ve_dnlp_lownum" range="0~64" addr="" mask="31:0" dst="U" desc="ve_dnlp_lownum" default="4" value="4" cmd="dnlp:ve_dnlp_lownum"/>
<Control ui_type="slider" name="ve_dnlp_bkgend" range="0~64" addr="" mask="31:0" dst="U" desc="ve_dnlp_bkgend" default="0" value="4" cmd="dnlp:ve_dnlp_bkgend"/>
<Control ui_type="slider" name="ve_dnlp_bkgert" range="0~64" addr="" mask="31:0" dst="U" desc="ve_dnlp_bkgert" default="64" value="64" cmd="dnlp:ve_dnlp_bkgert"/>
<Control ui_type="slider" name="ve_dnlp_blkext" range="0~64" addr="" mask="31:0" dst="U" desc="ve_dnlp_blkext" default="4" value="6" cmd="dnlp:ve_dnlp_blkext"/>
<Control ui_type="slider" name="ve_dnlp_whtext" range="0~64" addr="" mask="31:0" dst="U" desc="ve_dnlp_whtext" default="4" value="2" cmd="dnlp:ve_dnlp_whtext"/>
<Control ui_type="slider" name="ve_dnlp_bextmx" range="0~64" addr="" mask="31:0" dst="U" desc="ve_dnlp_bextmx" default="4" value="6" cmd="dnlp:ve_dnlp_bextmx"/>
<Control ui_type="slider" name="ve_dnlp_wextmx" range="0~64" addr="" mask="31:0" dst="U" desc="ve_dnlp_wextmx" default="32" value="20" cmd="dnlp:ve_dnlp_wextmx"/>
<Control ui_type="checkbox" name="ve_dnlp_smhist_ck" range="0~1" addr="" mask="31:0" dst="U" desc="ve_dnlp_smhist_ck" default="0" value="0" cmd="dnlp:ve_dnlp_smhist_ck"/>
<Control ui_type="checkbox" name="ve_dnlp_glb_crate" range="0~1" addr="" mask="31:0" dst="U" desc="ve_dnlp_glb_crate" default="1" value="1" cmd="dnlp:ve_dnlp_glb_crate"/>
<Control ui_type="slider" name="ve_dnlp_pstgma_brghtrate" range="0~64" addr="" mask="31:0" dst="U" desc="ve_dnlp_pstgma_brghtrate" default="8" value="6" cmd="dnlp:ve_dnlp_pstgma_brghtrate"/>
<Control ui_type="slider" name="ve_dnlp_pstgma_brghtrat1" range="0~64" addr="" mask="31:0" dst="U" desc="ve_dnlp_pstgma_brghtrat1" default="15" value="1" cmd="dnlp:ve_dnlp_pstgma_brghtrat1"/>
<Control ui_type="slider" name="ve_dnlp_wext_autorat" range="0~64" addr="" mask="31:0" dst="U" desc="ve_dnlp_wext_autorat" default="16" value="16" cmd="dnlp:ve_dnlp_wext_autorat"/>
<Control ui_type="slider" name="ve_dnlp_cliprate_min" range="0~256" addr="" mask="31:0" dst="U" desc="ve_dnlp_cliprate_min" default="19" value="21" cmd="dnlp:ve_dnlp_cliprate_min"/>
<Control ui_type="slider" name="ve_dnlp_adpcrat_lbnd" range="0~64" addr="" mask="31:0" dst="U" desc="ve_dnlp_adpcrat_lbnd" default="10" value="10" cmd="dnlp:ve_dnlp_adpcrat_lbnd"/>
<Control ui_type="slider" name="ve_dnlp_adpcrat_hbnd" range="0~64" addr="" mask="31:0" dst="U" desc="ve_dnlp_adpcrat_hbnd" default="20" value="20" cmd="dnlp:ve_dnlp_adpcrat_hbnd"/>
<Control ui_type="slider" name="ve_dnlp_adpmtd_lbnd" range="0~64" addr="" mask="31:0" dst="U" desc="ve_dnlp_adpmtd_lbnd" default="19" value="0" cmd="dnlp:ve_dnlp_adpmtd_lbnd"/>
<Control ui_type="slider" name="ve_dnlp_adpmtd_hbnd" range="0~64" addr="" mask="31:0" dst="U" desc="ve_dnlp_adpmtd_hbnd" default="20" value="0" cmd="dnlp:ve_dnlp_adpmtd_hbnd"/>
<Control ui_type="slider" name="ve_dnlp_set_bext" range="0~64" addr="" mask="31:0" dst="U" desc="ve_dnlp_set_bext" default="0" value="0" cmd="dnlp:ve_dnlp_set_bext"/>
<Control ui_type="slider" name="ve_dnlp_set_wext" range="0~64" addr="" mask="31:0" dst="U" desc="ve_dnlp_set_wext" default="0" value="0" cmd="dnlp:ve_dnlp_set_wext"/>
<Control ui_type="slider" name="ve_dnlp_satur_rat" range="0~64" addr="" mask="31:0" dst="U" desc="ve_dnlp_satur_rat" default="30" value="10" cmd="dnlp:ve_dnlp_satur_rat"/>
<Control ui_type="slider" name="ve_dnlp_satur_max" range="0~64" addr="" mask="31:0" dst="U" desc="ve_dnlp_satur_max" default="40" value="20" cmd="dnlp:ve_dnlp_satur_max"/>
<Control ui_type="slider" name="ve_blk_prct_rng" range="0~64" addr="" mask="31:0" dst="U" desc="ve_blk_prct_rng" default="2" value="2" cmd="dnlp:ve_blk_prct_rng"/>
<Control ui_type="slider" name="ve_blk_prct_max" range="0~64" addr="" mask="31:0" dst="U" desc="ve_blk_prct_max" default="16" value="16" cmd="dnlp:ve_blk_prct_max"/>
<Control ui_type="slider" name="ve_dnlp_lowrange" range="0~64" addr="" mask="31:0" dst="U" desc="ve_dnlp_lowrange" default="18" value="18" cmd="dnlp:ve_dnlp_lowrange"/>
<Control ui_type="slider" name="ve_dnlp_hghrange" range="0~64" addr="" mask="31:0" dst="U" desc="ve_dnlp_hghrange" default="18" value="18" cmd="dnlp:ve_dnlp_hghrange"/>
<Control ui_type="slider" name="ve_dnlp_auto_rng" range="0~64" addr="" mask="31:0" dst="U" desc="ve_dnlp_auto_rng" default="10" value="0" cmd="dnlp:ve_dnlp_auto_rng"/>
<Control ui_type="slider" name="ve_dnlp_bin0_absmax" range="0~255" addr="" mask="31:0" dst="U" desc="ve_dnlp_bin0_absmax" default="16" value="16" cmd="dnlp:ve_dnlp_bin0_absmax"/>
<Control ui_type="slider" name="ve_dnlp_bin0_sbtmax" range="0~256" addr="" mask="31:0" dst="U" desc="ve_dnlp_bin0_sbtmax" default="128" value="128" cmd="dnlp:ve_dnlp_bin0_sbtmax"/>
<Control ui_type="slider" name="ve_dnlp_adpalpha_lrate" range="0~64" addr="" mask="31:0" dst="U" desc="ve_dnlp_adpalpha_lrate" default="32" value="32" cmd="dnlp:ve_dnlp_adpalpha_lrate"/>
<Control ui_type="slider" name="ve_dnlp_adpalpha_hrate" range="0~64" addr="" mask="31:0" dst="U" desc="ve_dnlp_adpalpha_hrate" default="32" value="15" cmd="dnlp:ve_dnlp_adpalpha_hrate"/>
</Page>
<Page tab_title="DNLP_LRATE" layout="15x4">
<Control ui_type="slider" name="ve_dnlp_lrate00" range="0~96" addr="" mask="31:0" dst="U" desc="ve_dnlp_lrate00" default="32" value="64" cmd="dnlp:ve_dnlp_lrate00"/>
<Control ui_type="slider" name="ve_dnlp_lrate02" range="0~96" addr="" mask="31:0" dst="U" desc="ve_dnlp_lrate02" default="33" value="64" cmd="dnlp:ve_dnlp_lrate02"/>
<Control ui_type="slider" name="ve_dnlp_lrate04" range="0~96" addr="" mask="31:0" dst="U" desc="ve_dnlp_lrate04" default="34" value="64" cmd="dnlp:ve_dnlp_lrate04"/>
<Control ui_type="slider" name="ve_dnlp_lrate06" range="0~96" addr="" mask="31:0" dst="U" desc="ve_dnlp_lrate06" default="35" value="64" cmd="dnlp:ve_dnlp_lrate06"/>
<Control ui_type="slider" name="ve_dnlp_lrate08" range="0~96" addr="" mask="31:0" dst="U" desc="ve_dnlp_lrate08" default="36" value="64" cmd="dnlp:ve_dnlp_lrate08"/>
<Control ui_type="slider" name="ve_dnlp_lrate10" range="0~96" addr="" mask="31:0" dst="U" desc="ve_dnlp_lrate10" default="37" value="64" cmd="dnlp:ve_dnlp_lrate10"/>
<Control ui_type="slider" name="ve_dnlp_lrate12" range="0~96" addr="" mask="31:0" dst="U" desc="ve_dnlp_lrate12" default="38" value="64" cmd="dnlp:ve_dnlp_lrate12"/>
<Control ui_type="slider" name="ve_dnlp_lrate14" range="0~96" addr="" mask="31:0" dst="U" desc="ve_dnlp_lrate14" default="39" value="64" cmd="dnlp:ve_dnlp_lrate14"/>
<Control ui_type="slider" name="ve_dnlp_lrate16" range="0~96" addr="" mask="31:0" dst="U" desc="ve_dnlp_lrate16" default="40" value="64" cmd="dnlp:ve_dnlp_lrate16"/>
<Control ui_type="slider" name="ve_dnlp_lrate18" range="0~96" addr="" mask="31:0" dst="U" desc="ve_dnlp_lrate18" default="41" value="64" cmd="dnlp:ve_dnlp_lrate18"/>
<Control ui_type="slider" name="ve_dnlp_lrate20" range="0~96" addr="" mask="31:0" dst="U" desc="ve_dnlp_lrate20" default="42" value="64" cmd="dnlp:ve_dnlp_lrate20"/>
<Control ui_type="slider" name="ve_dnlp_lrate22" range="0~96" addr="" mask="31:0" dst="U" desc="ve_dnlp_lrate22" default="43" value="64" cmd="dnlp:ve_dnlp_lrate22"/>
<Control ui_type="slider" name="ve_dnlp_lrate24" range="0~96" addr="" mask="31:0" dst="U" desc="ve_dnlp_lrate24" default="44" value="64" cmd="dnlp:ve_dnlp_lrate24"/>
<Control ui_type="slider" name="ve_dnlp_lrate26" range="0~96" addr="" mask="31:0" dst="U" desc="ve_dnlp_lrate26" default="45" value="64" cmd="dnlp:ve_dnlp_lrate26"/>
<Control ui_type="slider" name="ve_dnlp_lrate28" range="0~96" addr="" mask="31:0" dst="U" desc="ve_dnlp_lrate28" default="46" value="64" cmd="dnlp:ve_dnlp_lrate28"/>
<Control ui_type="slider" name="ve_dnlp_lrate30" range="0~96" addr="" mask="31:0" dst="U" desc="ve_dnlp_lrate30" default="47" value="64" cmd="dnlp:ve_dnlp_lrate30"/>
<Control ui_type="slider" name="ve_dnlp_lrate32" range="0~96" addr="" mask="31:0" dst="U" desc="ve_dnlp_lrate32" default="48" value="64" cmd="dnlp:ve_dnlp_lrate32"/>
<Control ui_type="slider" name="ve_dnlp_lrate34" range="0~96" addr="" mask="31:0" dst="U" desc="ve_dnlp_lrate34" default="49" value="64" cmd="dnlp:ve_dnlp_lrate34"/>
<Control ui_type="slider" name="ve_dnlp_lrate36" range="0~96" addr="" mask="31:0" dst="U" desc="ve_dnlp_lrate36" default="50" value="64" cmd="dnlp:ve_dnlp_lrate36"/>
<Control ui_type="slider" name="ve_dnlp_lrate38" range="0~96" addr="" mask="31:0" dst="U" desc="ve_dnlp_lrate38" default="51" value="64" cmd="dnlp:ve_dnlp_lrate38"/>
<Control ui_type="slider" name="ve_dnlp_lrate40" range="0~96" addr="" mask="31:0" dst="U" desc="ve_dnlp_lrate40" default="52" value="64" cmd="dnlp:ve_dnlp_lrate40"/>
<Control ui_type="slider" name="ve_dnlp_lrate42" range="0~96" addr="" mask="31:0" dst="U" desc="ve_dnlp_lrate42" default="53" value="64" cmd="dnlp:ve_dnlp_lrate42"/>
<Control ui_type="slider" name="ve_dnlp_lrate44" range="0~96" addr="" mask="31:0" dst="U" desc="ve_dnlp_lrate44" default="54" value="64" cmd="dnlp:ve_dnlp_lrate44"/>
<Control ui_type="slider" name="ve_dnlp_lrate46" range="0~96" addr="" mask="31:0" dst="U" desc="ve_dnlp_lrate46" default="55" value="64" cmd="dnlp:ve_dnlp_lrate46"/>
<Control ui_type="slider" name="ve_dnlp_lrate48" range="0~96" addr="" mask="31:0" dst="U" desc="ve_dnlp_lrate48" default="56" value="64" cmd="dnlp:ve_dnlp_lrate48"/>
<Control ui_type="slider" name="ve_dnlp_lrate50" range="0~96" addr="" mask="31:0" dst="U" desc="ve_dnlp_lrate50" default="57" value="64" cmd="dnlp:ve_dnlp_lrate50"/>
<Control ui_type="slider" name="ve_dnlp_lrate52" range="0~96" addr="" mask="31:0" dst="U" desc="ve_dnlp_lrate52" default="58" value="64" cmd="dnlp:ve_dnlp_lrate52"/>
<Control ui_type="slider" name="ve_dnlp_lrate54" range="0~96" addr="" mask="31:0" dst="U" desc="ve_dnlp_lrate54" default="59" value="64" cmd="dnlp:ve_dnlp_lrate54"/>
<Control ui_type="slider" name="ve_dnlp_lrate56" range="0~96" addr="" mask="31:0" dst="U" desc="ve_dnlp_lrate56" default="60" value="64" cmd="dnlp:ve_dnlp_lrate56"/>
<Control ui_type="slider" name="ve_dnlp_lrate58" range="0~96" addr="" mask="31:0" dst="U" desc="ve_dnlp_lrate58" default="61" value="64" cmd="dnlp:ve_dnlp_lrate58"/>
<Control ui_type="slider" name="ve_dnlp_lrate60" range="0~96" addr="" mask="31:0" dst="U" desc="ve_dnlp_lrate60" default="62" value="64" cmd="dnlp:ve_dnlp_lrate60"/>
<Control ui_type="slider" name="ve_dnlp_lrate62" range="0~96" addr="" mask="31:0" dst="U" desc="ve_dnlp_lrate62" default="63" value="64" cmd="dnlp:ve_dnlp_lrate62"/>
</Page>
</Group>
</Form>

