<?xml version="1.0" encoding="UTF-8"?>
<Form name="NonlinearMapping" platform="txlx" commands="">
<Group num="SOURCE_TYPE_TV" val="0">
<Page tab_title="" layout="8x4">
<Control brightness="0" contrast="0" saturation="0" hue="0" sharpness="0" volume="255" xvycc="0" mcdi="0"/>
<Control brightness="63" contrast="63" saturation="63" hue="63" sharpness="63" volume="191" xvycc="63" mcdi="63"/>
<Control brightness="127" contrast="127" saturation="127" hue="127" sharpness="127" volume="127" xvycc="127" mcdi="127"/>
<Control brightness="191" contrast="191" saturation="191" hue="191" sharpness="191" volume="63" xvycc="191" mcdi="191"/>
<Control brightness="255" contrast="255" saturation="255" hue="255" sharpness="255" volume="0" xvycc="255" mcdi="255"/>
</Page>
</Group>

<Group num="SOURCE_TYPE_AV" val="1">
<Page tab_title="" layout="8x4">
<Control brightness="0" contrast="0" saturation="0" hue="0" sharpness="0" volume="255" xvycc="0" mcdi="0"/>
<Control brightness="63" contrast="63" saturation="63" hue="63" sharpness="63" volume="191" xvycc="63" mcdi="63"/>
<Control brightness="127" contrast="127" saturation="127" hue="127" sharpness="127" volume="127" xvycc="127" mcdi="127"/>
<Control brightness="191" contrast="191" saturation="191" hue="191" sharpness="191" volume="63" xvycc="191" mcdi="191"/>
<Control brightness="255" contrast="255" saturation="255" hue="255" sharpness="255" volume="0" xvycc="255" mcdi="255"/>
</Page>
</Group>

<Group num="SOURCE_TYPE_COMPONENT" val="2">
<Page tab_title="" layout="8x4">
<Control brightness="0" contrast="0" saturation="0" hue="0" sharpness="0" volume="255" xvycc="0" mcdi="0"/>
<Control brightness="63" contrast="63" saturation="63" hue="63" sharpness="63" volume="191" xvycc="63" mcdi="63"/>
<Control brightness="127" contrast="127" saturation="127" hue="127" sharpness="127" volume="127" xvycc="127" mcdi="127"/>
<Control brightness="191" contrast="191" saturation="191" hue="191" sharpness="191" volume="63" xvycc="191" mcdi="191"/>
<Control brightness="255" contrast="255" saturation="255" hue="255" sharpness="255" volume="0" xvycc="255" mcdi="255"/>
</Page>
</Group>


<Group num="SOURCE_TYPE_HDMI" val="3">
<Page tab_title="" layout="8x4">
<Control brightness="0" contrast="0" saturation="0" hue="0" sharpness="0" volume="255" xvycc="0" mcdi="0"/>
<Control brightness="63" contrast="63" saturation="63" hue="63" sharpness="63" volume="191" xvycc="63" mcdi="63"/>
<Control brightness="127" contrast="127" saturation="127" hue="127" sharpness="127" volume="127" xvycc="127" mcdi="127"/>
<Control brightness="191" contrast="191" saturation="191" hue="191" sharpness="191" volume="63" xvycc="191" mcdi="191"/>
<Control brightness="255" contrast="255" saturation="255" hue="255" sharpness="255" volume="0" xvycc="255" mcdi="255"/>
</Page>
</Group>

<Group num="SOURCE_TYPE_VGA" val="4">
<Page tab_title="" layout="8x4">
<Control brightness="0" contrast="0" saturation="0" hue="0" sharpness="0" volume="255" xvycc="0" mcdi="0"/>
<Control brightness="63" contrast="63" saturation="63" hue="63" sharpness="63" volume="191" xvycc="63" mcdi="63"/>
<Control brightness="127" contrast="127" saturation="127" hue="127" sharpness="127" volume="127" xvycc="127" mcdi="127"/>
<Control brightness="191" contrast="191" saturation="191" hue="191" sharpness="191" volume="63" xvycc="191" mcdi="191"/>
<Control brightness="255" contrast="255" saturation="255" hue="255" sharpness="255" volume="0" xvycc="255" mcdi="255"/>
</Page>
</Group>

<Group num="SOURCE_TYPE_MPEG" val="5">
<Page tab_title="" layout="8x4">
<Control brightness="0" contrast="0" saturation="0" hue="0" sharpness="0" volume="255" xvycc="0" mcdi="0"/>
<Control brightness="63" contrast="63" saturation="63" hue="63" sharpness="63" volume="191" xvycc="63" mcdi="63"/>
<Control brightness="127" contrast="127" saturation="127" hue="127" sharpness="127" volume="127" xvycc="127" mcdi="127"/>
<Control brightness="191" contrast="191" saturation="191" hue="191" sharpness="191" volume="63" xvycc="191" mcdi="191"/>
<Control brightness="255" contrast="255" saturation="255" hue="255" sharpness="255" volume="0" xvycc="255" mcdi="255"/>
</Page>
</Group>

<Group num="SOURCE_TYPE_DTV" val="6">
<Page tab_title="" layout="8x4">
<Control brightness="0" contrast="0" saturation="0" hue="0" sharpness="0" volume="255" xvycc="0" mcdi="0"/>
<Control brightness="63" contrast="63" saturation="63" hue="63" sharpness="63" volume="191" xvycc="63" mcdi="63"/>
<Control brightness="127" contrast="127" saturation="127" hue="127" sharpness="127" volume="127" xvycc="127" mcdi="127"/>
<Control brightness="191" contrast="191" saturation="191" hue="191" sharpness="191" volume="63" xvycc="191" mcdi="191"/>
<Control brightness="255" contrast="255" saturation="255" hue="255" sharpness="255" volume="0" xvycc="255" mcdi="255"/>
</Page>
</Group>

</Form>

