<?xml version="1.0" encoding="UTF-8"?>
<Form name="OVERSCAN" platform="txlx" commands="">
<Group num="TVIN_PORT_TV" val="0">
<Page tab_title="hs,he,vs,ve(Don't read all or setdefault all in overscan, because they have the same addr)" layout="2x4">
<Control ui_type="array" name="TVIN_SIG_FMT_CVBS_NTSC_M" range="0~255" addr="1537" mask="" dst="U" desc="TVIN_SIG_FMT_CVBS_NTSC_M" default="30 6 10 8" value="30 6 10 8" cmd="ovsc:crop" />
<Control ui_type="array" name="TVIN_SIG_FMT_CVBS_NTSC_443" range="0~255" addr="1538" mask="" dst="U" desc="TVIN_SIG_FMT_CVBS_NTSC_443" default="30 6 10 8" value="30 6 10 8" cmd="ovsc:crop" />
<Control ui_type="array" name="TVIN_SIG_FMT_CVBS_PAL_I" range="0~255" addr="1539" mask="" dst="U" desc="TVIN_SIG_FMT_CVBS_PAL_I" default="16 28 10 10" value="16 28 10 10" cmd="ovsc:crop" />
<Control ui_type="array" name="TVIN_SIG_FMT_CVBS_PAL_M" range="0~255" addr="1540" mask="" dst="U" desc="TVIN_SIG_FMT_CVBS_PAL_M" default="16 16 6 6" value="16 16 6 6" cmd="ovsc:crop" />
<Control ui_type="array" name="TVIN_SIG_FMT_CVBS_PAL_60" range="0~255" addr="1541" mask="" dst="U" desc="TVIN_SIG_FMT_CVBS_PAL_60" default="32 28 16 16" value="32 28 16 16" cmd="ovsc:crop" />
<Control ui_type="array" name="TVIN_SIG_FMT_CVBS_PAL_CN" range="0~255" addr="1542" mask="" dst="U" desc="TVIN_SIG_FMT_CVBS_PAL_CN" default="38 20 16 16" value="38 20 16 16" cmd="ovsc:crop" />
<Control ui_type="array" name="TVIN_SIG_FMT_CVBS_SECAM" range="0~255" addr="1543" mask="" dst="U" desc="TVIN_SIG_FMT_CVBS_SECAM" default="50 10 10 16" value="50 10 10 16" cmd="ovsc:crop" />
</Page>
</Group>

<Group num="TVIN_PORT_AV0" val="1">
<Page tab_title="hs,he,vs,ve(Don't read all or setdefault all in overscan, because they have the same addr)" layout="2x4">
<Control ui_type="array" name="TVIN_SIG_FMT_CVBS_NTSC_M" range="0~255" addr="1537" mask="" dst="U" desc="TVIN_SIG_FMT_CVBS_NTSC_M" default="30 6 10 8" value="30 6 10 8" cmd="ovsc:crop" />
<Control ui_type="array" name="TVIN_SIG_FMT_CVBS_NTSC_443" range="0~255" addr="1538" mask="" dst="U" desc="TVIN_SIG_FMT_CVBS_NTSC_443" default="30 6 10 8" value="30 6 10 8" cmd="ovsc:crop" />
<Control ui_type="array" name="TVIN_SIG_FMT_CVBS_PAL_I" range="0~255" addr="1539" mask="" dst="U" desc="TVIN_SIG_FMT_CVBS_PAL_I" default="16 28 10 10" value="16 28 10 10" cmd="ovsc:crop" />
<Control ui_type="array" name="TVIN_SIG_FMT_CVBS_PAL_M" range="0~255" addr="1540" mask="" dst="U" desc="TVIN_SIG_FMT_CVBS_PAL_M" default="16 16 8 4" value="16 16 8 4" cmd="ovsc:crop" />
<Control ui_type="array" name="TVIN_SIG_FMT_CVBS_PAL_60" range="0~255" addr="1541" mask="" dst="U" desc="TVIN_SIG_FMT_CVBS_PAL_60" default="6 32 0 16" value="6 32 0 16" cmd="ovsc:crop" />
<Control ui_type="array" name="TVIN_SIG_FMT_CVBS_PAL_CN" range="0~255" addr="1542" mask="" dst="U" desc="TVIN_SIG_FMT_CVBS_PAL_CN" default="16 28 10 10" value="16 28 10 10" cmd="ovsc:crop" />
<Control ui_type="array" name="TVIN_SIG_FMT_CVBS_SECAM" range="0~255" addr="1543" mask="" dst="U" desc="TVIN_SIG_FMT_CVBS_SECAM" default="22 24 8 14" value="22 24 8 14" cmd="ovsc:crop" />
</Page>
</Group>

<Group num="TVIN_PORT_HDMI0" val="3">
<Page tab_title="hs,he,vs,ve(Don't read all or setdefault all in overscan, because they have the same addr)" layout="23x4">
<Control ui_type="array" name="TVIN_SIG_FMT_HDMI_640x480P_60Hz" range="0~255" addr="1025" mask="" dst="U" desc="TVIN_SIG_FMT_HDMI_640x480P_60Hz" default="0 0 0 0" value="0 0 0 0" cmd="ovsc:crop" />
<Control ui_type="array" name="TVIN_SIG_FMT_HDMI_720x480P_60Hz" range="0~255" addr="1026" mask="" dst="U" desc="TVIN_SIG_FMT_HDMI_720x480P_60Hz" default="16 16 10 10" value="16 16 10 10" cmd="ovsc:crop" />
<Control ui_type="array" name="TVIN_SIG_FMT_HDMI_1280x720P_60Hz" range="0~255" addr="1027" mask="" dst="U" desc="TVIN_SIG_FMT_HDMI_1280x720P_60Hz" default="29 29 16 16" value="29 29 16 16" cmd="ovsc:crop" />
<Control ui_type="array" name="TVIN_SIG_FMT_HDMI_1920x1080I_60Hz" range="0~255" addr="1028" mask="" dst="U" desc="TVIN_SIG_FMT_HDMI_1920x1080I_60Hz" default="40 40 24 24" value="40 40 24 24" cmd="ovsc:crop" />
<Control ui_type="array" name="TVIN_SIG_FMT_HDMI_1440x480I_60Hz" range="0~255" addr="1029" mask="" dst="U" desc="TVIN_SIG_FMT_HDMI_1440x480I_60Hz" default="20 20 7 5" value="20 20 7 5" cmd="ovsc:crop" />
<Control ui_type="array" name="TVIN_SIG_FMT_HDMI_1440x240P_60Hz" range="0~255" addr="1030" mask="" dst="U" desc="TVIN_SIG_FMT_HDMI_1440x240P_60Hz" default="56 56 10 10" value="56 56 10 10" cmd="ovsc:crop" />
<Control ui_type="array" name="TVIN_SIG_FMT_HDMI_2880x480I_60Hz" range="0~255" addr="1031" mask="" dst="U" desc="TVIN_SIG_FMT_HDMI_2880x480I_60Hz" default="112 112 10 10" value="112 112 10 10" cmd="ovsc:crop" />
<Control ui_type="array" name="TVIN_SIG_FMT_HDMI_2880x240P_60Hz" range="0~255" addr="1032" mask="" dst="U" desc="TVIN_SIG_FMT_HDMI_2880x240P_60Hz" default="112 112 10 10" value="112 112 10 10" cmd="ovsc:crop" />
<Control ui_type="array" name="TVIN_SIG_FMT_HDMI_1440x480P_60Hz" range="0~255" addr="1033" mask="" dst="U" desc="TVIN_SIG_FMT_HDMI_1440x480P_60Hz" default="15 15 5 7" value="15 15 5 7" cmd="ovsc:crop" />
<Control ui_type="array" name="TVIN_SIG_FMT_HDMI_1920x1080P_60Hz" range="0~255" addr="1034" mask="" dst="U" desc="TVIN_SIG_FMT_HDMI_1920x1080P_60Hz" default="0 0 0 0" value="0 0 0 0" cmd="ovsc:crop" />
<Control ui_type="array" name="TVIN_SIG_FMT_HDMI_720x576P_50Hz" range="0~255" addr="1035" mask="" dst="U" desc="TVIN_SIG_FMT_HDMI_720x576P_50Hz" default="20 20 8 8" value="20 20 8 8" cmd="ovsc:crop" />
<Control ui_type="array" name="TVIN_SIG_FMT_HDMI_1280x720P_50Hz" range="0~255" addr="1036" mask="" dst="U" desc="TVIN_SIG_FMT_HDMI_1280x720P_50Hz" default="30 30 16 16" value="30 30 16 16" cmd="ovsc:crop" />
<Control ui_type="array" name="TVIN_SIG_FMT_HDMI_1920x1080I_50Hz_A" range="0~255" addr="1037" mask="" dst="U" desc="TVIN_SIG_FMT_HDMI_1920x1080I_50Hz_A" default="42 42 20 24" value="42 42 20 24" cmd="ovsc:crop" />
<Control ui_type="array" name="TVIN_SIG_FMT_HDMI_1440x576I_50Hz" range="0~255" addr="1038" mask="" dst="U" desc="TVIN_SIG_FMT_HDMI_1440x576I_50Hz" default="16 16 10 10" value="16 16 10 10" cmd="ovsc:crop" />
<Control ui_type="array" name="TVIN_SIG_FMT_HDMI_1440x288P_50Hz" range="0~255" addr="1039" mask="" dst="U" desc="TVIN_SIG_FMT_HDMI_1440x288P_50Hz" default="56 56 12 12" value="56 56 12 12" cmd="ovsc:crop" />
<Control ui_type="array" name="TVIN_SIG_FMT_HDMI_2880x576I_50Hz" range="0~255" addr="1040" mask="" dst="U" desc="TVIN_SIG_FMT_HDMI_2880x576I_50Hz" default="112 112 12 12" value="112 112 12 12" cmd="ovsc:crop" />
<Control ui_type="array" name="TVIN_SIG_FMT_HDMI_2880x288P_50Hz" range="0~255" addr="1041" mask="" dst="U" desc="TVIN_SIG_FMT_HDMI_2880x288P_50Hz" default="112 112 12 12" value="112 112 12 12" cmd="ovsc:crop" />
<Control ui_type="array" name="TVIN_SIG_FMT_HDMI_1440x576P_50Hz" range="0~255" addr="1042" mask="" dst="U" desc="TVIN_SIG_FMT_HDMI_1440x576P_50Hz" default="14 14 8 10" value="14 14 8 10" cmd="ovsc:crop" />
<Control ui_type="array" name="TVIN_SIG_FMT_HDMI_1920x1080P_50Hz" range="0~255" addr="1043" mask="" dst="U" desc="TVIN_SIG_FMT_HDMI_1920x1080P_50Hz" default="40 40 20 18" value="40 40 20 18" cmd="ovsc:crop" />
<Control ui_type="array" name="TVIN_SIG_FMT_HDMI_1920x1080P_24Hz" range="0~255" addr="1044" mask="" dst="U" desc="TVIN_SIG_FMT_HDMI_1920x1080P_24Hz" default="0 0 0 0" value="0 0 0 0" cmd="ovsc:crop" />
<Control ui_type="array" name="TVIN_SIG_FMT_HDMI_1920x1080P_25Hz" range="0~255" addr="1045" mask="" dst="U" desc="TVIN_SIG_FMT_HDMI_1920x1080P_25Hz" default="0 0 0 0" value="0 0 0 0" cmd="ovsc:crop" />
<Control ui_type="array" name="TVIN_SIG_FMT_HDMI_1920x1080P_30Hz" range="0~255" addr="1046" mask="" dst="U" desc="TVIN_SIG_FMT_HDMI_1920x1080P_30Hz" default="0 0 0 0" value="0 0 0 0" cmd="ovsc:crop" />
<Control ui_type="array" name="TVIN_SIG_FMT_HDMI_2880x480P_60Hz" range="0~255" addr="1047" mask="" dst="U" desc="TVIN_SIG_FMT_HDMI_2880x480P_60Hz" default="112 112 18 18" value="112 112 18 18" cmd="ovsc:crop" />
<Control ui_type="array" name="TVIN_SIG_FMT_HDMI_2880x576P_60Hz" range="0~255" addr="1048" mask="" dst="U" desc="TVIN_SIG_FMT_HDMI_2880x576P_60Hz" default="112 112 22 22" value="112 112 22 22" cmd="ovsc:crop" />
<Control ui_type="array" name="TVIN_SIG_FMT_HDMI_1920x1080I_50Hz_B" range="0~255" addr="1049" mask="" dst="U" desc="TVIN_SIG_FMT_HDMI_1920x1080I_50Hz_B" default="40 40 20 22" value="40 40 20 22" cmd="ovsc:crop" />
<Control ui_type="array" name="TVIN_SIG_FMT_HDMI_1920x1080I_100Hz" range="0~255" addr="1050" mask="" dst="U" desc="TVIN_SIG_FMT_HDMI_1920x1080I_100Hz" default="36 36 8 8" value="36 36 8 8" cmd="ovsc:crop" />
<Control ui_type="array" name="TVIN_SIG_FMT_HDMI_1280x720P_100Hz" range="0~255" addr="1051" mask="" dst="U" desc="TVIN_SIG_FMT_HDMI_1280x720P_100Hz" default="30 30 14 14" value="30 30 14 14" cmd="ovsc:crop" />
<Control ui_type="array" name="TVIN_SIG_FMT_HDMI_720x576P_100Hz" range="0~255" addr="1052" mask="" dst="U" desc="TVIN_SIG_FMT_HDMI_720x576P_100Hz" default="18 18 6 6" value="18 18 6 6" cmd="ovsc:crop" />
<Control ui_type="array" name="TVIN_SIG_FMT_HDMI_1440x576I_100Hz" range="0~255" addr="1053" mask="" dst="U" desc="TVIN_SIG_FMT_HDMI_1440x576I_100Hz" default="35 41 3 5" value="35 41 3 5" cmd="ovsc:crop" />
<Control ui_type="array" name="TVIN_SIG_FMT_HDMI_1920x1080I_120Hz" range="0~255" addr="1054" mask="" dst="U" desc="TVIN_SIG_FMT_HDMI_1920x1080I_120Hz" default="36 36 8 8" value="36 36 8 8" cmd="ovsc:crop" />
<Control ui_type="array" name="TVIN_SIG_FMT_HDMI_1280x720P_120Hz" range="0~255" addr="1055" mask="" dst="U" desc="TVIN_SIG_FMT_HDMI_1280x720P_120Hz" default="30 30 14 14" value="30 30 14 14" cmd="ovsc:crop" />
<Control ui_type="array" name="TVIN_SIG_FMT_HDMI_720x480P_120Hz" range="0~255" addr="1056" mask="" dst="U" desc="TVIN_SIG_FMT_HDMI_720x480P_120Hz" default="19 19 5 5" value="19 19 5 5" cmd="ovsc:crop" />
<Control ui_type="array" name="TVIN_SIG_FMT_HDMI_1440x480I_120Hz" range="0~255" addr="1057" mask="" dst="U" desc="TVIN_SIG_FMT_HDMI_1440x480I_120Hz" default="31 47 2 3" value="31 47 2 3" cmd="ovsc:crop" />
<Control ui_type="array" name="TVIN_SIG_FMT_HDMI_720x576P_200Hz" range="0~255" addr="1058" mask="" dst="U" desc="TVIN_SIG_FMT_HDMI_720x576P_200Hz" default="18 18 6 6" value="18 18 6 6" cmd="ovsc:crop" />
<Control ui_type="array" name="TVIN_SIG_FMT_HDMI_1440x576I_200Hz" range="0~255" addr="1059" mask="" dst="U" desc="TVIN_SIG_FMT_HDMI_1440x576I_200Hz" default="35 41 3 5" value="35 41 3 5" cmd="ovsc:crop" />
<Control ui_type="array" name="TVIN_SIG_FMT_HDMI_720x480P_240Hz" range="0~255" addr="1060" mask="" dst="U" desc="TVIN_SIG_FMT_HDMI_720x480P_240Hz" default="19 19 5 5" value="19 19 5 5" cmd="ovsc:crop" />
<Control ui_type="array" name="TVIN_SIG_FMT_HDMI_1440x480I_240Hz" range="0~255" addr="1061" mask="" dst="U" desc="TVIN_SIG_FMT_HDMI_1440x480I_240Hz" default="31 47 2 3" value="31 47 2 3" cmd="ovsc:crop" />
<Control ui_type="array" name="TVIN_SIG_FMT_HDMI_1280x720P_24Hz" range="0~255" addr="1062" mask="" dst="U" desc="TVIN_SIG_FMT_HDMI_1280x720P_24Hz" default="30 30 14 14" value="30 30 14 14" cmd="ovsc:crop" />
<Control ui_type="array" name="TVIN_SIG_FMT_HDMI_1280x720P_25Hz" range="0~255" addr="1063" mask="" dst="U" desc="TVIN_SIG_FMT_HDMI_1280x720P_25Hz" default="30 30 14 14" value="30 30 14 14" cmd="ovsc:crop" />
<Control ui_type="array" name="TVIN_SIG_FMT_HDMI_1280x720P_30Hz" range="0~255" addr="1064" mask="" dst="U" desc="TVIN_SIG_FMT_HDMI_1280x720P_30Hz" default="30 30 14 14" value="30 30 14 14" cmd="ovsc:crop" />
<Control ui_type="array" name="TVIN_SIG_FMT_HDMI_1920x1080P_120Hz" range="0~255" addr="1065" mask="" dst="U" desc="TVIN_SIG_FMT_HDMI_1920x1080P_120Hz" default="36 36 18 18" value="36 36 18 18" cmd="ovsc:crop" />
<Control ui_type="array" name="TVIN_SIG_FMT_HDMI_1920x1080P_100Hz" range="0~255" addr="1066" mask="" dst="U" desc="TVIN_SIG_FMT_HDMI_1920x1080P_100Hz" default="36 36 18 18" value="36 36 18 18" cmd="ovsc:crop" />
<Control ui_type="array" name="TVIN_SIG_FMT_HDMI_1280x720P_60Hz_FRAME_PACKING" range="0~255" addr="1067" mask="" dst="U" desc="TVIN_SIG_FMT_HDMI_1280x720P_60Hz_FRAME_PACKING" default="0 0 0 0" value="0 0 0 0" cmd="ovsc:crop" />
<Control ui_type="array" name="TVIN_SIG_FMT_HDMI_1280x720P_50Hz_FRAME_PACKING" range="0~255" addr="1068" mask="" dst="U" desc="TVIN_SIG_FMT_HDMI_1280x720P_50Hz_FRAME_PACKING" default="0 0 0 0" value="0 0 0 0" cmd="ovsc:crop" />
<Control ui_type="array" name="TVIN_SIG_FMT_HDMI_1280x720P_24Hz_FRAME_PACKING" range="0~255" addr="1069" mask="" dst="U" desc="TVIN_SIG_FMT_HDMI_1280x720P_24Hz_FRAME_PACKING" default="0 0 0 0" value="0 0 0 0" cmd="ovsc:crop" />
<Control ui_type="array" name="TVIN_SIG_FMT_HDMI_1280x720P_30Hz_FRAME_PACKING" range="0~255" addr="1070" mask="" dst="U" desc="TVIN_SIG_FMT_HDMI_1280x720P_30Hz_FRAME_PACKING" default="0 0 0 0" value="0 0 0 0" cmd="ovsc:crop" />
<Control ui_type="array" name="TVIN_SIG_FMT_HDMI_1920x1080I_60Hz_FRAME_PACKING" range="0~255" addr="1071" mask="" dst="U" desc="TVIN_SIG_FMT_HDMI_1920x1080I_60Hz_FRAME_PACKING" default="0 0 0 0" value="0 0 0 0" cmd="ovsc:crop" />
<Control ui_type="array" name="TVIN_SIG_FMT_HDMI_1920x1080I_50Hz_FRAME_PACKING" range="0~255" addr="1072" mask="" dst="U" desc="TVIN_SIG_FMT_HDMI_1920x1080I_50Hz_FRAME_PACKING" default="0 0 0 0" value="0 0 0 0" cmd="ovsc:crop" />
<Control ui_type="array" name="TVIN_SIG_FMT_HDMI_1920x1080P_24Hz_FRAME_PACKING" range="0~255" addr="1073" mask="" dst="U" desc="TVIN_SIG_FMT_HDMI_1920x1080P_24Hz_FRAME_PACKING" default="0 0 0 0" value="0 0 0 0" cmd="ovsc:crop" />
<Control ui_type="array" name="TVIN_SIG_FMT_HDMI_1920x1080P_30Hz_FRAME_PACKING" range="0~255" addr="1074" mask="" dst="U" desc="TVIN_SIG_FMT_HDMI_1920x1080P_30Hz_FRAME_PACKING" default="0 0 0 0" value="0 0 0 0" cmd="ovsc:crop" />
<Control ui_type="array" name="TVIN_SIG_FMT_HDMI_800x600" range="0~255" addr="1075" mask="" dst="U" desc="TVIN_SIG_FMT_HDMI_800x600" default="0 0 0 0" value="0 0 0 0" cmd="ovsc:crop" />
<Control ui_type="array" name="TVIN_SIG_FMT_HDMI_1024X768" range="0~255" addr="1076" mask="" dst="U" desc="TVIN_SIG_FMT_HDMI_1024X768" default="0 0 0 0" value="0 0 0 0" cmd="ovsc:crop" />
<Control ui_type="array" name="TVIN_SIG_FMT_HDMI_720_400" range="0~255" addr="1077" mask="" dst="U" desc="TVIN_SIG_FMT_HDMI_720_400" default="0 0 0 0" value="0 0 0 0" cmd="ovsc:crop" />
<Control ui_type="array" name="TVIN_SIG_FMT_HDMI_1280_768" range="0~255" addr="1078" mask="" dst="U" desc="TVIN_SIG_FMT_HDMI_1280_768" default="0 0 0 0" value="0 0 0 0" cmd="ovsc:crop" />
<Control ui_type="array" name="TVIN_SIG_FMT_HDMI_1280_800" range="0~255" addr="1079" mask="" dst="U" desc="TVIN_SIG_FMT_HDMI_1280_800" default="0 0 0 0" value="0 0 0 0" cmd="ovsc:crop" />
<Control ui_type="array" name="TVIN_SIG_FMT_HDMI_1280_960" range="0~255" addr="1080" mask="" dst="U" desc="TVIN_SIG_FMT_HDMI_1280_960" default="0 0 0 0" value="0 0 0 0" cmd="ovsc:crop" />
<Control ui_type="array" name="TVIN_SIG_FMT_HDMI_1280X1024" range="0~255" addr="1081" mask="" dst="U" desc="TVIN_SIG_FMT_HDMI_1280X1024" default="0 0 0 0" value="0 0 0 0" cmd="ovsc:crop" />
<Control ui_type="array" name="TVIN_SIG_FMT_HDMI_1360_768" range="0~255" addr="1082" mask="" dst="U" desc="TVIN_SIG_FMT_HDMI_1360_768" default="0 0 0 0" value="0 0 0 0" cmd="ovsc:crop" />
<Control ui_type="array" name="TVIN_SIG_FMT_HDMI_1366_768" range="0~255" addr="1083" mask="" dst="U" desc="TVIN_SIG_FMT_HDMI_1366_768" default="0 0 0 0" value="0 0 0 0" cmd="ovsc:crop" />
<Control ui_type="array" name="TVIN_SIG_FMT_HDMI_1600_1200" range="0~255" addr="1084" mask="" dst="U" desc="TVIN_SIG_FMT_HDMI_1600_1200" default="0 0 0 0" value="0 0 0 0" cmd="ovsc:crop" />
<Control ui_type="array" name="TVIN_SIG_FMT_HDMI_1920_1200" range="0~255" addr="1085" mask="" dst="U" desc="TVIN_SIG_FMT_HDMI_1920_1200" default="0 0 0 0" value="0 0 0 0" cmd="ovsc:crop" />
<Control ui_type="array" name="TVIN_SIG_FMT_HDMI_1440_900_00HZ" range="0~255" addr="1086" mask="" dst="U" desc="TVIN_SIG_FMT_HDMI_1440_900_00HZ" default="0 0 0 0" value="0 0 0 0" cmd="ovsc:crop" />
<Control ui_type="array" name="TVIN_SIG_FMT_HDMI_1400_1050_00HZ" range="0~255" addr="1087" mask="" dst="U" desc="TVIN_SIG_FMT_HDMI_1400_1050_00HZ" default="0 0 0 0" value="0 0 0 0" cmd="ovsc:crop" />
<Control ui_type="array" name="TVIN_SIG_FMT_HDMI_1680_1050_00H" range="0~255" addr="1088" mask="" dst="U" desc="TVIN_SIG_FMT_HDMI_1680_1050_00H" default="0 0 0 0" value="0 0 0 0" cmd="ovsc:crop" />
<Control ui_type="array" name="TVIN_SIG_FMT_HDMI_1920X1080I_60HZ_ALTERNATIVE" range="0~255" addr="1089" mask="" dst="U" desc="TVIN_SIG_FMT_HDMI_1920X1080I_60HZ_ALTERNATIVE" default="0 0 0 0" value="0 0 0 0" cmd="ovsc:crop" />
<Control ui_type="array" name="TVIN_SIG_FMT_HDMI_1920X1080I_50HZ_ALTERNATIVE" range="0~255" addr="1090" mask="" dst="U" desc="TVIN_SIG_FMT_HDMI_1920X1080I_50HZ_ALTERNATIVE" default="0 0 0 0" value="0 0 0 0" cmd="ovsc:crop" />
<Control ui_type="array" name="TVIN_SIG_FMT_HDMI_1920X1080P_24HZ_ALTERNATIVE" range="0~255" addr="1091" mask="" dst="U" desc="TVIN_SIG_FMT_HDMI_1920X1080P_24HZ_ALTERNATIVE" default="0 0 0 0" value="0 0 0 0" cmd="ovsc:crop" />
<Control ui_type="array" name="TVIN_SIG_FMT_HDMI_1920X1080P_30HZ_ALTERNATIVE" range="0~255" addr="1092" mask="" dst="U" desc="TVIN_SIG_FMT_HDMI_1920X1080P_30HZ_ALTERNATIVE" default="0 0 0 0" value="0 0 0 0" cmd="ovsc:crop" />
<Control ui_type="array" name="TVIN_SIG_FMT_HDMI_3840_2160_00HZ" range="0~255" addr="1093" mask="" dst="U" desc="TVIN_SIG_FMT_HDMI_3840_2160_00HZ" default="0 0 0 0" value="0 0 0 0" cmd="ovsc:crop" />
<Control ui_type="array" name="TVIN_SIG_FMT_HDMI_4096_2160_00HZ" range="0~255" addr="1094" mask="" dst="U" desc="TVIN_SIG_FMT_HDMI_4096_2160_00HZ" default="0 0 0 0" value="0 0 0 0" cmd="ovsc:crop" />
<Control ui_type="array" name="TVIN_SIG_FMT_HDMI_RESERVE10" range="0~255" addr="1095" mask="" dst="U" desc="TVIN_SIG_FMT_HDMI_RESERVE10" default="0 0 0 0" value="0 0 0 0" cmd="ovsc:crop" />
<Control ui_type="array" name="TVIN_SIG_FMT_HDMI_RESERVE11" range="0~255" addr="1096" mask="" dst="U" desc="TVIN_SIG_FMT_HDMI_RESERVE11" default="0 0 0 0" value="0 0 0 0" cmd="ovsc:crop" />
<Control ui_type="array" name="TVIN_SIG_FMT_HDMI_720x480P_60Hz_FRAME_PACKING" range="0~255" addr="1097" mask="" dst="U" desc="TVIN_SIG_FMT_HDMI_720x480P_60Hz_FRAME_PACKING" default="0 0 0 0" value="0 0 0 0" cmd="ovsc:crop" />
<Control ui_type="array" name="TVIN_SIG_FMT_HDMI_720x576P_50Hz_FRAME_PACKING" range="0~255" addr="1098" mask="" dst="U" desc="TVIN_SIG_FMT_HDMI_720x576P_50Hz_FRAME_PACKING" default="0 0 0 0" value="0 0 0 0" cmd="ovsc:crop" />
</Page>
</Group>

<Group num="TVIN_PORT_MPEG0" val="5">
<Page tab_title="hs,he,vs,ve(Don't read all or setdefault all in overscan, because they have the same addr)" layout="23x4">
<Control ui_type="array" name="TVIN_SIG_FMT_BT656IN_576I" range="0~255" addr="2049" mask="" dst="U" desc="TVIN_SIG_FMT_BT656IN_576I" default="0 0 0 0" value="0 0 0 0" cmd="ovsc:crop" />
<Control ui_type="array" name="TVIN_SIG_FMT_BT656IN_480I" range="0~255" addr="2050" mask="" dst="U" desc="TVIN_SIG_FMT_BT656IN_480I" default="0 0 0 0" value="0 0 0 0" cmd="ovsc:crop" />
<Control ui_type="array" name="TVIN_SIG_FMT_BT601IN_576I" range="0~255" addr="2051" mask="" dst="U" desc="TVIN_SIG_FMT_BT601IN_576I" default="0 0 0 0" value="0 0 0 0" cmd="ovsc:crop" />
<Control ui_type="array" name="TVIN_SIG_FMT_BT601IN_480I" range="0~255" addr="2052" mask="" dst="U" desc="TVIN_SIG_FMT_BT601IN_480I" default="0 0 0 0" value="0 0 0 0" cmd="ovsc:crop" />
<Control ui_type="array" name="TVIN_SIG_FMT_CAMERA_640X480P_30Hz" range="0~255" addr="2053" mask="" dst="U" desc="TVIN_SIG_FMT_CAMERA_640X480P_30Hz" default="0 0 0 0" value="0 0 0 0" cmd="ovsc:crop" />
<Control ui_type="array" name="TVIN_SIG_FMT_CAMERA_800X600P_30Hz" range="0~255" addr="2054" mask="" dst="U" desc="TVIN_SIG_FMT_CAMERA_800X600P_30Hz" default="0 0 0 0" value="0 0 0 0" cmd="ovsc:crop" />
<Control ui_type="array" name="TVIN_SIG_FMT_CAMERA_1024X768P_30HZ" range="0~255" addr="2055" mask="" dst="U" desc="TVIN_SIG_FMT_CAMERA_1024X768P_30HZ" default="0 0 0 0" value="0 0 0 0" cmd="ovsc:crop" />
<Control ui_type="array" name="TVIN_SIG_FMT_CAMERA_1920X1080P_30Hz" range="0~255" addr="2056" mask="" dst="U" desc="TVIN_SIG_FMT_CAMERA_1920X1080P_30Hz" default="0 0 0 0" value="0 0 0 0" cmd="ovsc:crop" />
<Control ui_type="array" name="TVIN_SIG_FMT_CAMERA_1280X720P_30Hz" range="0~255" addr="2057" mask="" dst="U" desc="TVIN_SIG_FMT_CAMERA_1280X720P_30Hz" default="0 0 0 0" value="0 0 0 0" cmd="ovsc:crop" />
</Page>
</Group>

<Group num="TVIN_PORT_DTV" val="6">
<Page tab_title="hs,he,vs,ve(Don't read all or setdefault all in overscan, because they have the same addr)" layout="23x4">
<Control ui_type="array" name="TVIN_SIG_FMT_HDMI_640x480P_60Hz" range="0~255" addr="1025" mask="" dst="U" desc="TVIN_SIG_FMT_HDMI_640x480P_60Hz" default="10 10 16 16" value="10 10 16 16" cmd="ovsc:crop" />
<Control ui_type="array" name="TVIN_SIG_FMT_HDMI_720x480P_60Hz" range="0~255" addr="1026" mask="" dst="U" desc="TVIN_SIG_FMT_HDMI_720x480P_60Hz" default="10 10 16 16" value="10 10 16 16" cmd="ovsc:crop" />
<Control ui_type="array" name="TVIN_SIG_FMT_HDMI_1280x720P_60Hz" range="0~255" addr="1027" mask="" dst="U" desc="TVIN_SIG_FMT_HDMI_1280x720P_60Hz" default="10 10 16 16" value="10 10 16 16" cmd="ovsc:crop" />
<Control ui_type="array" name="TVIN_SIG_FMT_HDMI_1920x1080I_60Hz" range="0~255" addr="1028" mask="" dst="U" desc="TVIN_SIG_FMT_HDMI_1920x1080I_60Hz" default="10 10 16 16" value="10 10 16 16" cmd="ovsc:crop" />
<Control ui_type="array" name="TVIN_SIG_FMT_HDMI_1440x480I_60Hz" range="0~255" addr="1029" mask="" dst="U" desc="TVIN_SIG_FMT_HDMI_1440x480I_60Hz" default="10 10 16 16" value="10 10 16 16" cmd="ovsc:crop" />
<Control ui_type="array" name="TVIN_SIG_FMT_HDMI_1440x240P_60Hz" range="0~255" addr="1030" mask="" dst="U" desc="TVIN_SIG_FMT_HDMI_1440x240P_60Hz" default="22 22 4 4" value="22 22 4 4" cmd="ovsc:crop" />
<Control ui_type="array" name="TVIN_SIG_FMT_HDMI_2880x480I_60Hz" range="0~255" addr="1031" mask="" dst="U" desc="TVIN_SIG_FMT_HDMI_2880x480I_60Hz" default="43 43 4 4" value="43 43 4 4" cmd="ovsc:crop" />
<Control ui_type="array" name="TVIN_SIG_FMT_HDMI_2880x240P_60Hz" range="0~255" addr="1032" mask="" dst="U" desc="TVIN_SIG_FMT_HDMI_2880x240P_60Hz" default="43 43 4 4" value="43 43 4 4" cmd="ovsc:crop" />
<Control ui_type="array" name="TVIN_SIG_FMT_HDMI_1440x480P_60Hz" range="0~255" addr="1033" mask="" dst="U" desc="TVIN_SIG_FMT_HDMI_1440x480P_60Hz" default="22 22 7 7" value="22 22 7 7" cmd="ovsc:crop" />
<Control ui_type="array" name="TVIN_SIG_FMT_HDMI_1920x1080P_60Hz" range="0~255" addr="1034" mask="" dst="U" desc="TVIN_SIG_FMT_HDMI_1920x1080P_60Hz" default="10 10 16 16" value="10 10 16 16" cmd="ovsc:crop" />
<Control ui_type="array" name="TVIN_SIG_FMT_HDMI_720x576P_50Hz" range="0~255" addr="1035" mask="" dst="U" desc="TVIN_SIG_FMT_HDMI_720x576P_50Hz" default="10 10 16 16" value="10 10 16 16" cmd="ovsc:crop" />
<Control ui_type="array" name="TVIN_SIG_FMT_HDMI_1280x720P_50Hz" range="0~255" addr="1036" mask="" dst="U" desc="TVIN_SIG_FMT_HDMI_1280x720P_50Hz" default="10 10 16 16" value="10 10 16 16" cmd="ovsc:crop" />
<Control ui_type="array" name="TVIN_SIG_FMT_HDMI_1920x1080I_50Hz_A" range="0~255" addr="1037" mask="" dst="U" desc="TVIN_SIG_FMT_HDMI_1920x1080I_50Hz_A" default="10 10 16 16" value="10 10 16 16" cmd="ovsc:crop" />
<Control ui_type="array" name="TVIN_SIG_FMT_HDMI_1440x576I_50Hz" range="0~255" addr="1038" mask="" dst="U" desc="TVIN_SIG_FMT_HDMI_1440x576I_50Hz" default="10 10 16 16" value="10 10 16 16" cmd="ovsc:crop" />
<Control ui_type="array" name="TVIN_SIG_FMT_HDMI_1440x288P_50Hz" range="0~255" addr="1039" mask="" dst="U" desc="TVIN_SIG_FMT_HDMI_1440x288P_50Hz" default="22 22 4 4" value="22 22 4 4" cmd="ovsc:crop" />
<Control ui_type="array" name="TVIN_SIG_FMT_HDMI_2880x576I_50Hz" range="0~255" addr="1040" mask="" dst="U" desc="TVIN_SIG_FMT_HDMI_2880x576I_50Hz" default="43 43 4 4" value="43 43 4 4" cmd="ovsc:crop" />
<Control ui_type="array" name="TVIN_SIG_FMT_HDMI_2880x288P_50Hz" range="0~255" addr="1041" mask="" dst="U" desc="TVIN_SIG_FMT_HDMI_2880x288P_50Hz" default="43 43 4 4" value="43 43 4 4" cmd="ovsc:crop" />
<Control ui_type="array" name="TVIN_SIG_FMT_HDMI_1440x576P_50Hz" range="0~255" addr="1042" mask="" dst="U" desc="TVIN_SIG_FMT_HDMI_1440x576P_50Hz" default="10 10 16 16" value="10 10 16 16" cmd="ovsc:crop" />
<Control ui_type="array" name="TVIN_SIG_FMT_HDMI_1920x1080P_50Hz" range="0~255" addr="1043" mask="" dst="U" desc="TVIN_SIG_FMT_HDMI_1920x1080P_50Hz" default="10 10 16 16" value="10 10 16 16" cmd="ovsc:crop" />
<Control ui_type="array" name="TVIN_SIG_FMT_HDMI_1920x1080P_24Hz" range="0~255" addr="1044" mask="" dst="U" desc="TVIN_SIG_FMT_HDMI_1920x1080P_24Hz" default="29 29 16 16" value="29 29 16 16" cmd="ovsc:crop" />
<Control ui_type="array" name="TVIN_SIG_FMT_HDMI_1920x1080P_25Hz" range="0~255" addr="1045" mask="" dst="U" desc="TVIN_SIG_FMT_HDMI_1920x1080P_25Hz" default="29 29 16 16" value="29 29 16 16" cmd="ovsc:crop" />
<Control ui_type="array" name="TVIN_SIG_FMT_HDMI_1920x1080P_30Hz" range="0~255" addr="1046" mask="" dst="U" desc="TVIN_SIG_FMT_HDMI_1920x1080P_30Hz" default="29 29 16 16" value="29 29 16 16" cmd="ovsc:crop" />
<Control ui_type="array" name="TVIN_SIG_FMT_HDMI_2880x480P_60Hz" range="0~255" addr="1047" mask="" dst="U" desc="TVIN_SIG_FMT_HDMI_2880x480P_60Hz" default="43 43 7 7" value="43 43 7 7" cmd="ovsc:crop" />
<Control ui_type="array" name="TVIN_SIG_FMT_HDMI_2880x576P_60Hz" range="0~255" addr="1048" mask="" dst="U" desc="TVIN_SIG_FMT_HDMI_2880x576P_60Hz" default="43 43 9 9" value="43 43 9 9" cmd="ovsc:crop" />
<Control ui_type="array" name="TVIN_SIG_FMT_HDMI_1920x1080I_50Hz_B" range="0~255" addr="1049" mask="" dst="U" desc="TVIN_SIG_FMT_HDMI_1920x1080I_50Hz_B" default="10 10 16 16" value="10 10 16 16" cmd="ovsc:crop" />
<Control ui_type="array" name="TVIN_SIG_FMT_HDMI_1920x1080I_100Hz" range="0~255" addr="1050" mask="" dst="U" desc="TVIN_SIG_FMT_HDMI_1920x1080I_100Hz" default="29 29 8 8" value="29 29 8 8" cmd="ovsc:crop" />
<Control ui_type="array" name="TVIN_SIG_FMT_HDMI_1280x720P_100Hz" range="0~255" addr="1051" mask="" dst="U" desc="TVIN_SIG_FMT_HDMI_1280x720P_100Hz" default="19 19 11 11" value="19 19 11 11" cmd="ovsc:crop" />
<Control ui_type="array" name="TVIN_SIG_FMT_HDMI_720x576P_100Hz" range="0~255" addr="1052" mask="" dst="U" desc="TVIN_SIG_FMT_HDMI_720x576P_100Hz" default="11 11 9 9" value="11 11 9 9" cmd="ovsc:crop" />
<Control ui_type="array" name="TVIN_SIG_FMT_HDMI_1440x576I_100Hz" range="0~255" addr="1053" mask="" dst="U" desc="TVIN_SIG_FMT_HDMI_1440x576I_100Hz" default="22 22 4 4" value="22 22 4 4" cmd="ovsc:crop" />
<Control ui_type="array" name="TVIN_SIG_FMT_HDMI_1920x1080I_120Hz" range="0~255" addr="1054" mask="" dst="U" desc="TVIN_SIG_FMT_HDMI_1920x1080I_120Hz" default="29 29 8 8" value="29 29 8 8" cmd="ovsc:crop" />
<Control ui_type="array" name="TVIN_SIG_FMT_HDMI_1280x720P_120Hz" range="0~255" addr="1055" mask="" dst="U" desc="TVIN_SIG_FMT_HDMI_1280x720P_120Hz" default="19 19 11 11" value="19 19 11 11" cmd="ovsc:crop" />
<Control ui_type="array" name="TVIN_SIG_FMT_HDMI_720x480P_120Hz" range="0~255" addr="1056" mask="" dst="U" desc="TVIN_SIG_FMT_HDMI_720x480P_120Hz" default="11 11 7 7" value="11 11 7 7" cmd="ovsc:crop" />
<Control ui_type="array" name="TVIN_SIG_FMT_HDMI_1440x480I_120Hz" range="0~255" addr="1057" mask="" dst="U" desc="TVIN_SIG_FMT_HDMI_1440x480I_120Hz" default="22 22 4 4" value="22 22 4 4" cmd="ovsc:crop" />
<Control ui_type="array" name="TVIN_SIG_FMT_HDMI_720x576P_200Hz" range="0~255" addr="1058" mask="" dst="U" desc="TVIN_SIG_FMT_HDMI_720x576P_200Hz" default="11 11 9 9" value="11 11 9 9" cmd="ovsc:crop" />
<Control ui_type="array" name="TVIN_SIG_FMT_HDMI_1440x576I_200Hz" range="0~255" addr="1059" mask="" dst="U" desc="TVIN_SIG_FMT_HDMI_1440x576I_200Hz" default="22 22 4 4" value="22 22 4 4" cmd="ovsc:crop" />
<Control ui_type="array" name="TVIN_SIG_FMT_HDMI_720x480P_240Hz" range="0~255" addr="1060" mask="" dst="U" desc="TVIN_SIG_FMT_HDMI_720x480P_240Hz" default="11 11 7 7" value="11 11 7 7" cmd="ovsc:crop" />
<Control ui_type="array" name="TVIN_SIG_FMT_HDMI_1440x480I_240Hz" range="0~255" addr="1061" mask="" dst="U" desc="TVIN_SIG_FMT_HDMI_1440x480I_240Hz" default="22 22 4 4" value="22 22 4 4" cmd="ovsc:crop" />
<Control ui_type="array" name="TVIN_SIG_FMT_HDMI_1280x720P_24Hz" range="0~255" addr="1062" mask="" dst="U" desc="TVIN_SIG_FMT_HDMI_1280x720P_24Hz" default="19 19 11 11" value="19 19 11 11" cmd="ovsc:crop" />
<Control ui_type="array" name="TVIN_SIG_FMT_HDMI_1280x720P_25Hz" range="0~255" addr="1063" mask="" dst="U" desc="TVIN_SIG_FMT_HDMI_1280x720P_25Hz" default="19 19 11 11" value="19 19 11 11" cmd="ovsc:crop" />
<Control ui_type="array" name="TVIN_SIG_FMT_HDMI_1280x720P_30Hz" range="0~255" addr="1064" mask="" dst="U" desc="TVIN_SIG_FMT_HDMI_1280x720P_30Hz" default="19 19 11 11" value="19 19 11 11" cmd="ovsc:crop" />
<Control ui_type="array" name="TVIN_SIG_FMT_HDMI_1920x1080P_120Hz" range="0~255" addr="1065" mask="" dst="U" desc="TVIN_SIG_FMT_HDMI_1920x1080P_120Hz" default="29 29 16 16" value="29 29 16 16" cmd="ovsc:crop" />
<Control ui_type="array" name="TVIN_SIG_FMT_HDMI_1920x1080P_100Hz" range="0~255" addr="1066" mask="" dst="U" desc="TVIN_SIG_FMT_HDMI_1920x1080P_100Hz" default="29 29 16 16" value="29 29 16 16" cmd="ovsc:crop" />
<Control ui_type="array" name="TVIN_SIG_FMT_HDMI_1280x720P_60Hz_FRAME_PACKING" range="0~255" addr="1067" mask="" dst="U" desc="TVIN_SIG_FMT_HDMI_1280x720P_60Hz_FRAME_PACKING" default="19 19 22 22" value="19 19 22 22" cmd="ovsc:crop" />
<Control ui_type="array" name="TVIN_SIG_FMT_HDMI_1280x720P_50Hz_FRAME_PACKING" range="0~255" addr="1068" mask="" dst="U" desc="TVIN_SIG_FMT_HDMI_1280x720P_50Hz_FRAME_PACKING" default="19 19 22 22" value="19 19 22 22" cmd="ovsc:crop" />
<Control ui_type="array" name="TVIN_SIG_FMT_HDMI_1280x720P_24Hz_FRAME_PACKING" range="0~255" addr="1069" mask="" dst="U" desc="TVIN_SIG_FMT_HDMI_1280x720P_24Hz_FRAME_PACKING" default="19 19 22 22" value="19 19 22 22" cmd="ovsc:crop" />
<Control ui_type="array" name="TVIN_SIG_FMT_HDMI_1280x720P_30Hz_FRAME_PACKING" range="0~255" addr="1070" mask="" dst="U" desc="TVIN_SIG_FMT_HDMI_1280x720P_30Hz_FRAME_PACKING" default="19 19 22 22" value="19 19 22 22" cmd="ovsc:crop" />
<Control ui_type="array" name="TVIN_SIG_FMT_HDMI_1920x1080I_60Hz_FRAME_PACKING" range="0~255" addr="1071" mask="" dst="U" desc="TVIN_SIG_FMT_HDMI_1920x1080I_60Hz_FRAME_PACKING" default="10 10 7 7" value="10 10 7 7" cmd="ovsc:crop" />
<Control ui_type="array" name="TVIN_SIG_FMT_HDMI_1920x1080I_50Hz_FRAME_PACKING" range="0~255" addr="1072" mask="" dst="U" desc="TVIN_SIG_FMT_HDMI_1920x1080I_50Hz_FRAME_PACKING" default="10 10 16 16" value="10 10 16 16" cmd="ovsc:crop" />
<Control ui_type="array" name="TVIN_SIG_FMT_HDMI_1920x1080P_24Hz_FRAME_PACKING" range="0~255" addr="1073" mask="" dst="U" desc="TVIN_SIG_FMT_HDMI_1920x1080P_24Hz_FRAME_PACKING" default="29 29 33 33" value="29 29 33 33" cmd="ovsc:crop" />
<Control ui_type="array" name="TVIN_SIG_FMT_HDMI_1920x1080P_30Hz_FRAME_PACKING" range="0~255" addr="1074" mask="" dst="U" desc="TVIN_SIG_FMT_HDMI_1920x1080P_30Hz_FRAME_PACKING" default="29 29 33 33" value="29 29 33 33" cmd="ovsc:crop" />
<Control ui_type="array" name="TVIN_SIG_FMT_HDMI_800x600" range="0~255" addr="1075" mask="" dst="U" desc="TVIN_SIG_FMT_HDMI_800x600" default="12 12 9 9" value="12 12 9 9" cmd="ovsc:crop" />
<Control ui_type="array" name="TVIN_SIG_FMT_HDMI_1024X768" range="0~255" addr="1076" mask="" dst="U" desc="TVIN_SIG_FMT_HDMI_1024X768" default="15 15 12 12" value="15 15 12 12" cmd="ovsc:crop" />
<Control ui_type="array" name="TVIN_SIG_FMT_HDMI_720_400" range="0~255" addr="1077" mask="" dst="U" desc="TVIN_SIG_FMT_HDMI_720_400" default="11 11 6 6" value="11 11 6 6" cmd="ovsc:crop" />
<Control ui_type="array" name="TVIN_SIG_FMT_HDMI_1280_768" range="0~255" addr="1078" mask="" dst="U" desc="TVIN_SIG_FMT_HDMI_1280_768" default="19 19 12 12" value="19 19 12 12" cmd="ovsc:crop" />
<Control ui_type="array" name="TVIN_SIG_FMT_HDMI_1280_800" range="0~255" addr="1079" mask="" dst="U" desc="TVIN_SIG_FMT_HDMI_1280_800" default="19 19 12 12" value="19 19 12 12" cmd="ovsc:crop" />
<Control ui_type="array" name="TVIN_SIG_FMT_HDMI_1280_960" range="0~255" addr="1080" mask="" dst="U" desc="TVIN_SIG_FMT_HDMI_1280_960" default="19 19 14 14" value="19 19 14 14" cmd="ovsc:crop" />
<Control ui_type="array" name="TVIN_SIG_FMT_HDMI_1280X1024" range="0~255" addr="1081" mask="" dst="U" desc="TVIN_SIG_FMT_HDMI_1280X1024" default="19 19 15 15" value="19 19 15 15" cmd="ovsc:crop" />
<Control ui_type="array" name="TVIN_SIG_FMT_HDMI_1360_768" range="0~255" addr="1082" mask="" dst="U" desc="TVIN_SIG_FMT_HDMI_1360_768" default="20 20 12 12" value="20 20 12 12" cmd="ovsc:crop" />
<Control ui_type="array" name="TVIN_SIG_FMT_HDMI_1366_768" range="0~255" addr="1083" mask="" dst="U" desc="TVIN_SIG_FMT_HDMI_1366_768" default="20 20 12 12" value="20 20 12 12" cmd="ovsc:crop" />
<Control ui_type="array" name="TVIN_SIG_FMT_HDMI_1600_1200" range="0~255" addr="1084" mask="" dst="U" desc="TVIN_SIG_FMT_HDMI_1600_1200" default="24 24 18 18" value="24 24 18 18" cmd="ovsc:crop" />
<Control ui_type="array" name="TVIN_SIG_FMT_HDMI_1920_1200" range="0~255" addr="1085" mask="" dst="U" desc="TVIN_SIG_FMT_HDMI_1920_1200" default="29 29 18 18" value="29 29 18 18" cmd="ovsc:crop" />
<Control ui_type="array" name="TVIN_SIG_FMT_HDMI_1440_900_00HZ" range="0~255" addr="1086" mask="" dst="U" desc="TVIN_SIG_FMT_HDMI_1440_900_00HZ" default="22 22 14 14" value="22 22 14 14" cmd="ovsc:crop" />
<Control ui_type="array" name="TVIN_SIG_FMT_HDMI_1400_1050_00HZ" range="0~255" addr="1087" mask="" dst="U" desc="TVIN_SIG_FMT_HDMI_1400_1050_00HZ" default="21 21 16 16" value="21 21 16 16" cmd="ovsc:crop" />
<Control ui_type="array" name="TVIN_SIG_FMT_HDMI_1680_1050_00HZ" range="0~255" addr="1088" mask="" dst="U" desc="TVIN_SIG_FMT_HDMI_1680_1050_00HZ" default="0 0 0 0" value="0 0 0 0" cmd="ovsc:crop" />
<Control ui_type="array" name="TVIN_SIG_FMT_HDMI_1920X1080I_60HZ_ALTERNATIVE" range="0~255" addr="1089" mask="" dst="U" desc="TVIN_SIG_FMT_HDMI_1920X1080I_60HZ_ALTERNATIVE" default="10 10 7 7" value="10 10 7 7" cmd="ovsc:crop" />
<Control ui_type="array" name="TVIN_SIG_FMT_HDMI_1920X1080I_50HZ_ALTERNATIVE" range="0~255" addr="1090" mask="" dst="U" desc="TVIN_SIG_FMT_HDMI_1920X1080I_50HZ_ALTERNATIVE" default="10 10 7 7" value="10 10 7 7" cmd="ovsc:crop" />
<Control ui_type="array" name="TVIN_SIG_FMT_HDMI_1920X1080P_24HZ_ALTERNATIVE" range="0~255" addr="1091" mask="" dst="U" desc="TVIN_SIG_FMT_HDMI_1920X1080P_24HZ_ALTERNATIVE" default="0 0 0 0" value="0 0 0 0" cmd="ovsc:crop" />
<Control ui_type="array" name="TVIN_SIG_FMT_HDMI_1920X1080P_30HZ_ALTERNATIVE" range="0~255" addr="1092" mask="" dst="U" desc="TVIN_SIG_FMT_HDMI_1920X1080P_30HZ_ALTERNATIVE" default="0 0 0 0" value="0 0 0 0" cmd="ovsc:crop" />
<Control ui_type="array" name="TVIN_SIG_FMT_HDMI_3840_2160_00HZ" range="0~255" addr="1093" mask="" dst="U" desc="TVIN_SIG_FMT_HDMI_3840_2160_00HZ" default="0 0 0 0" value="0 0 0 0" cmd="ovsc:crop" />
<Control ui_type="array" name="TVIN_SIG_FMT_HDMI_4096_2160_00HZ" range="0~255" addr="1094" mask="" dst="U" desc="TVIN_SIG_FMT_HDMI_4096_2160_00HZ" default="0 0 0 0" value="0 0 0 0" cmd="ovsc:crop" />
<Control ui_type="array" name="TVIN_SIG_FMT_HDMI_RESERVE10" range="0~255" addr="1095" mask="" dst="U" desc="TVIN_SIG_FMT_HDMI_RESERVE10" default="0 0 0 0" value="0 0 0 0" cmd="ovsc:crop" />
<Control ui_type="array" name="TVIN_SIG_FMT_HDMI_RESERVE11" range="0~255" addr="1096" mask="" dst="U" desc="TVIN_SIG_FMT_HDMI_RESERVE11" default="0 0 0 0" value="0 0 0 0" cmd="ovsc:crop" />
<Control ui_type="array" name="TVIN_SIG_FMT_HDMI_720x480P_60Hz_FRAME_PACKING" range="0~255" addr="1097" mask="" dst="U" desc="TVIN_SIG_FMT_HDMI_720x480P_60Hz_FRAME_PACKING" default="10 10 7 7" value="10 10 7 7" cmd="ovsc:crop" />
<Control ui_type="array" name="TVIN_SIG_FMT_HDMI_720x576P_50Hz_FRAME_PACKING" range="0~255" addr="1098" mask="" dst="U" desc="TVIN_SIG_FMT_HDMI_720x576P_50Hz_FRAME_PACKING" default="10 10 7 7" value="10 10 7 7" cmd="ovsc:crop" />
</Page>
</Group>

</Form>

