<?xml version="1.0" encoding="UTF-8"?>
<Form name="Picture_Mode" platform="txlx" commands="">
<Group num="standard" val="0">
<Page tab_title="" layout="8x4">
<Control ui_type="" name="" TVIN_PORT="0" brightness="50" contrast="50" saturation="50" hue="50" sharpness="50" backlight="100" nr="4"/>
<Control ui_type="" name="" TVIN_PORT="1" brightness="50" contrast="50" saturation="50" hue="50" sharpness="50" backlight="100" nr="4"/>
<Control ui_type="" name="" TVIN_PORT="2" brightness="50" contrast="50" saturation="50" hue="50" sharpness="50" backlight="100" nr="4"/>
<Control ui_type="" name="" TVIN_PORT="3" brightness="50" contrast="50" saturation="50" hue="50" sharpness="50" backlight="100" nr="4"/>
<Control ui_type="" name="" TVIN_PORT="4" brightness="50" contrast="50" saturation="50" hue="50" sharpness="50" backlight="100" nr="4"/>
<Control ui_type="" name="" TVIN_PORT="5" brightness="50" contrast="50" saturation="50" hue="50" sharpness="50" backlight="100" nr="4"/>
<Control ui_type="" name="" TVIN_PORT="6" brightness="50" contrast="50" saturation="50" hue="50" sharpness="50" backlight="100" nr="4"/>

</Page>
</Group>

<Group num="bright" val="1">
<Page tab_title="" layout="8x4">
<Control ui_type="" name="" TVIN_PORT="0" brightness="55" contrast="55" saturation="55" hue="50" sharpness="55" backlight="100" nr="4"/>
<Control ui_type="" name="" TVIN_PORT="1" brightness="55" contrast="55" saturation="55" hue="50" sharpness="55" backlight="100" nr="4"/>
<Control ui_type="" name="" TVIN_PORT="2" brightness="55" contrast="55" saturation="55" hue="50" sharpness="55" backlight="100" nr="4"/>
<Control ui_type="" name="" TVIN_PORT="3" brightness="55" contrast="55" saturation="55" hue="50" sharpness="55" backlight="100" nr="4"/>
<Control ui_type="" name="" TVIN_PORT="4" brightness="55" contrast="55" saturation="55" hue="50" sharpness="55" backlight="100" nr="4"/>
<Control ui_type="" name="" TVIN_PORT="5" brightness="55" contrast="55" saturation="55" hue="50" sharpness="55" backlight="100" nr="4"/>
<Control ui_type="" name="" TVIN_PORT="6" brightness="55" contrast="55" saturation="55" hue="50" sharpness="55" backlight="100" nr="4"/>

</Page>
</Group>


<Group num="soft" val="2">
<Page tab_title="" layout="8x4">
<Control ui_type="" name="" TVIN_PORT="0" brightness="45" contrast="45" saturation="45" hue="50" sharpness="45" backlight="100" nr="4"/>
<Control ui_type="" name="" TVIN_PORT="1" brightness="45" contrast="45" saturation="45" hue="50" sharpness="45" backlight="100" nr="4"/>
<Control ui_type="" name="" TVIN_PORT="2" brightness="45" contrast="45" saturation="45" hue="50" sharpness="45" backlight="100" nr="4"/>
<Control ui_type="" name="" TVIN_PORT="3" brightness="45" contrast="45" saturation="45" hue="50" sharpness="45" backlight="100" nr="4"/>
<Control ui_type="" name="" TVIN_PORT="4" brightness="45" contrast="45" saturation="45" hue="50" sharpness="45" backlight="100" nr="4"/>
<Control ui_type="" name="" TVIN_PORT="5" brightness="45" contrast="45" saturation="45" hue="50" sharpness="45" backlight="100" nr="4"/>
<Control ui_type="" name="" TVIN_PORT="6" brightness="45" contrast="45" saturation="45" hue="50" sharpness="45" backlight="100" nr="4"/>

</Page>
</Group>


<Group num="user" val="3">
<Page tab_title="" layout="8x4">
<Control ui_type="" name="" TVIN_PORT="0" brightness="50" contrast="50" saturation="50" hue="50" sharpness="50" backlight="100" nr="4"/>
<Control ui_type="" name="" TVIN_PORT="1" brightness="50" contrast="50" saturation="50" hue="50" sharpness="50" backlight="100" nr="4"/>
<Control ui_type="" name="" TVIN_PORT="2" brightness="50" contrast="50" saturation="50" hue="50" sharpness="50" backlight="100" nr="4"/>
<Control ui_type="" name="" TVIN_PORT="3" brightness="50" contrast="50" saturation="50" hue="50" sharpness="50" backlight="100" nr="4"/>
<Control ui_type="" name="" TVIN_PORT="4" brightness="50" contrast="50" saturation="50" hue="50" sharpness="50" backlight="100" nr="4"/>
<Control ui_type="" name="" TVIN_PORT="5" brightness="50" contrast="50" saturation="50" hue="50" sharpness="50" backlight="100" nr="4"/>
<Control ui_type="" name="" TVIN_PORT="6" brightness="50" contrast="50" saturation="50" hue="50" sharpness="50" backlight="100" nr="4"/>

</Page>
</Group>



<Group num="cat" val="4">
<Page tab_title="" layout="8x4">
<Control ui_type="" name="" TVIN_PORT="0" brightness="50" contrast="50" saturation="50" hue="50" sharpness="50" backlight="100" nr="4"/>
<Control ui_type="" name="" TVIN_PORT="1" brightness="50" contrast="50" saturation="50" hue="50" sharpness="50" backlight="100" nr="4"/>
<Control ui_type="" name="" TVIN_PORT="2" brightness="50" contrast="50" saturation="50" hue="50" sharpness="50" backlight="100" nr="4"/>
<Control ui_type="" name="" TVIN_PORT="3" brightness="50" contrast="50" saturation="50" hue="50" sharpness="50" backlight="100" nr="4"/>
<Control ui_type="" name="" TVIN_PORT="4" brightness="50" contrast="50" saturation="50" hue="50" sharpness="50" backlight="100" nr="4"/>
<Control ui_type="" name="" TVIN_PORT="5" brightness="50" contrast="50" saturation="50" hue="50" sharpness="50" backlight="100" nr="4"/>
<Control ui_type="" name="" TVIN_PORT="6" brightness="50" contrast="50" saturation="50" hue="50" sharpness="50" backlight="100" nr="4"/>

</Page>
</Group>

<Group num="pcmode" val="6">
<Page tab_title="" layout="8x4">
<Control ui_type="" name="" TVIN_PORT="0" brightness="50" contrast="50" saturation="50" hue="50" sharpness="0" backlight="100" nr="0"/>
<Control ui_type="" name="" TVIN_PORT="1" brightness="50" contrast="50" saturation="50" hue="50" sharpness="0" backlight="100" nr="0"/>
<Control ui_type="" name="" TVIN_PORT="2" brightness="50" contrast="50" saturation="50" hue="50" sharpness="0" backlight="100" nr="0"/>
<Control ui_type="" name="" TVIN_PORT="3" brightness="50" contrast="50" saturation="50" hue="50" sharpness="0" backlight="100" nr="0"/>
<Control ui_type="" name="" TVIN_PORT="4" brightness="50" contrast="50" saturation="50" hue="50" sharpness="0" backlight="100" nr="0"/>
<Control ui_type="" name="" TVIN_PORT="5" brightness="50" contrast="50" saturation="50" hue="50" sharpness="0" backlight="100" nr="0"/>
<Control ui_type="" name="" TVIN_PORT="6" brightness="50" contrast="50" saturation="50" hue="50" sharpness="0" backlight="100" nr="0"/>

</Page>
</Group>


</Form>

